Name,Description,Type1,Type2,Rating,Aired,Finished,Number of chapter,Folder
The boy in the all girl school,"In an all-girls school full of jaw-dropping beauties, a male student suddenly transfers in!!! Perhaps in the eyes of others, this would be a dream-like paradise, but in reality, the future is completely unimaginable",Romance,Comedy,4.38,No,Ongoing,473,C:\Users\laser\OneDrive - KMITL\Anime poster
My wife is a demon queen,Listen up folks! I’m living my life with the demon queen Isabella is the deuteragonist of the story and the former queen of the demon tribe. She was betrayed by one of her servants and lost her demonic powers. She is currently hiding amongst the humans while learning swordsmanship and magic at the Royal Academy under the name of Yi Bei. She is also married to Ascian,Romance,Fantasy,4.58,No,Ongoing,445,C:\Users\laser\OneDrive - KMITL\Anime poster
Very Pure,"Yang Ming is the epitome of delinquents, getting in fights, skipping school, and cheating on tests. One day, he gets a mysterious pair of contact lenses that change his entire life.",Romance,Comedy,4.24,No,Ongoing,376,C:\Users\laser\OneDrive - KMITL\Anime poster
Hajimete no gal,"Following a prank pulled by his perverse friends, Junichi Hashiba asks a gal out in an attempt to change the fact that he's a hopeless virgin. Yukana Yame, the girl in question, is disgusted by Junichi's groveling. However, through a series of teasing remarks, she soon finds herself bonding with him and ultimately accepting Junichi's confession, much to his surprise. Hajimete no Gal follows Junichi as he overcomes his lack of self-confidence and suppresses his sexual urges, all while thrust into a whole new school life full of lively girls and unpredictable mayhem. ",Romance,Comedy,4.54,Yes,End,163,C:\Users\laser\OneDrive - KMITL\Anime poster
The fiancees lives together ,"His fiancee lost her parents so she will be living with the Hyeons, but Sang-Won is a middle school student and the fiancée is a 24 year old adult!? Sang-Won tries to deny that his fiancée is 9 years older than him, but seeing that she does not act her age, he then feels comfortable around her. His fiancée seems kind and innocent on the outside, but on the inside…",Romance,Action,4.31,No,Ongoing,130,C:\Users\laser\OneDrive - KMITL\Anime poster
Nisekoi,"Raku Ichijo (Kento Nakajima) is an only son and a high school student. His father is the leader of yakuza group Shuei-gumi. Raku Ichijo doesn't like to fight and he studies hard. His dream is to become a public official. One day, he passes the entrance gate at his high school and is kicked inadvertently by Chitoge Kirisaki (Ayami Nakajo). She is a new transfer student at the school. Chitoge Kirisaki is the only daughter of a rival gang leader. To keep the peace between the rival gangs led by their fathers, Raku Ichijo and Chitoge Kirisaki decide to act as boyfriend and girlfriend.",Romance,Drama,4.75,Yes,Ongoing,229,C:\Users\laser\OneDrive - KMITL\Anime poster
Vicious luck,"Chen Yang was just an ordinary person. One day, he was given an opportunity: he was offered the ability to control his luck! Love, status, and fortune were suddenly all within his grasp. When a person can control his luck at will, how will his life change? Will he run into beauties as soon as he steps outside his door? Will he trade as much stock as he possibly can? Damn... it's too good to be true... Those who are my friends will all live wonderful lives. Those who are my enemies have already paid the price!!",Romance,Slice of life,3.62,No,Ongoing,273,C:\Users\laser\OneDrive - KMITL\Anime poster
Inso's law,"Every novel has the usual cast: a gorgeous heroine, handsome boys vying for her attention, and a homely best friend at the heroine’s side. Dani, an ordinary student and avid reader of internet novels, is all too familiar with these tropes. But she never imagined that one day she’d wake up at the center of one herself! Her new fictional world is complete with a beautiful best friend named Yeoryung, and four impossibly good-looking boys who all happen to be in her class. Dani is determined to stay out of the way and not get involved in the twists and turns of the plot. But is she really just the sidekick — or is Dani actually the leading lady? Anything is possible in the world of a novel!",Romance,Fantasy,4.79,No,Ongoing,176,C:\Users\laser\OneDrive - KMITL\Anime poster
God gives me some special eye,"Once a good for nothing accidentally opened up his god gifted talent: he is able to see through things like an x Ray. The special gift seems him an ordinary life: he’s life is on the fast track. Gems tossing, money blowing, champagnes popping, girls all around. Who cares? I have the eyes!",Romance,Drama,3.53,No,Ongoing,109,C:\Users\laser\OneDrive - KMITL\Anime poster
Lady Baby,"Young lady Calliope has suffered through nature’s law and many accidents. Her family was decimated by ruin and an ongoing war, but upon listening to her melancholic singing upon the family’s graveyard, a mysterious womanly figure tells her that she’ll reward her for the beautiful song, and shrouds Calliope in darkness. Upon awakening, Calliope finds that she traveled back in time to when she was born! While Calliope slowly grows, will she be able to figure out who killed her family and stop them in time?",Romance,Fantasy,4.9,No,Ongoing,177,C:\Users\laser\OneDrive - KMITL\Anime poster
I see your money,"To Sungchoon, seeing how much assets a person has and will have in the future comes in handy when dealing with all kinds of situations. He then meets Jihyang, a daughter of a conglomerate owner and approaches her, hoping to change his fate of having to live paycheck to paycheck. Little does he realize that Jihyang also shares this ability",Romance,Drama,4.54,No,End,80,C:\Users\laser\OneDrive - KMITL\Anime poster
The girl from random chat,The Girl from Random Chatting! manga summary: Joonwoo hates school and has trouble making friends. The only time he's happy is when he's talking to strangers on the Random Chatting phone app. That's how Joonwoo ends up befriending a girl on RanChat who turns out to be his classmate Sungah but she has no idea about it! Will Joonwoo be able to fight his social anxiety and become closer to her in real life?,Romance,Action,4.62,No,Ongoing,313,C:\Users\laser\OneDrive - KMITL\Anime poster
Unlovable replacement,"When his relationship went down the drain, Chiko Dyer started to develop a weird relationship with a local delivey girl.",Romance,Drama,4.88,No,Ongoing,74,C:\Users\laser\OneDrive - KMITL\Anime poster
Age matters,"She’s a hopeless romantic who’s turning 30 – and is not super happy about it. He’s a reclusive billionaire who’s hired her to be his assistant – and he’s not too happy about that either. Together they rewrite the rules of friendship, love, work and the BEST way to clean someone’s apartment.",Romance,Drama,4.89,No,End,161,C:\Users\laser\OneDrive - KMITL\Anime poster
Refund high school,High-schooler Aru's dream of becoming an idol is cut short after dying in a car crash on her way to school. She finds herself being offered the option to be reincarnated into a fish... or attend Refund High School in the Underworld to change her fate. Will Aru be able to earn enough karma to reincarnate as the ideal version of herself?,Romance,Fantasy,4.64,No,End,135,C:\Users\laser\OneDrive - KMITL\Anime poster
LUFF,"Tired of dating apps that feel like they’re in control of your love life? Then you better brace yourself for the not-too-distant future of LUFF, where a large worldwide conglomerate has created the ultimate romance-matchmaking-app. How powerful is LUFF? It just may determine every single aspect of your life.",Romance,Drama,4.63,No,End,96,C:\Users\laser\OneDrive - KMITL\Anime poster
Orange marmalade,People are no longer afraid of vampires but that doesn't stop humans from discriminating against them. Can Mari Baek hide her identity when she falls in love with a popular boy who hates vampires?,Romance,School life,4.67,No,Emd,119,C:\Users\laser\OneDrive - KMITL\Anime poster
The quintessential quintuplets,"One day, a poor high school second-year named Futaro Uesugi comes across a private tutoring gig with good pay, but his pupils are his classmates. In fact, all five are quintuplets, each gorgeous but also on the brink of flunking out of school.",Romance,Schoo llife,4.2,Yes,End,123,C:\Users\laser\OneDrive - KMITL\Anime poster
Horimiya,"On the surface, the thought of Kyouko Hori and Izumi Miyamura getting along would be the last thing in people's minds. After all, Hori has a perfect combination of beauty and brains, while Miyamura appears meek and distant to his fellow classmates. However, a fateful meeting between the two lays both of their hidden selves bare. Even though she is popular at school, Hori has little time to socialize with her friends due to housework. On the other hand, Miyamura lives under the noses of his peers, his body bearing secret tattoos and piercings that make him look like a gentle delinquent.",Romance,School life,4.83,Yes,End,123,C:\Users\laser\OneDrive - KMITL\Anime poster
My dress-up darling,"Traumatized by a childhood incident with a friend who took exception to his love of traditional dolls, doll-artisan hopeful Wakana Gojō passes his days as a loner, finding solace in the home ec room at his high school. To Wakana, people like beautiful Marin Kitagawa, a trendy girl who's always surrounded by a throng of friends, is practically an alien from another world. But when cheerful Marin--never one to be shy--spots Wakana sewing away one day after school, she barges in with the aim of roping her quiet classmante into her secret hobby: cosplay.",Romance,Comedy,4.1,Yes,Ongoing,91,C:\Users\laser\OneDrive - KMITL\Anime poster
Mushoku Tensei Jobless Reincarnation,"A 34-year-old unemployed recluse get hit by a truck... and wakes up as a newborn baby in a fantasy world! With loving parents, a lifetime of regrets, and a beginner's magic textbook, he sets out to make the most of his second chance at life.",Fantasy,Action,4.95,Yes,End,328,C:\Users\laser\OneDrive - KMITL\Anime poster
The Rising Of The Shield Hero,"A man equipped with only a shield is chosen to be one of the world's great defenders, but when a cruel betrayal shatters his reputation, he tries to regain the public's trust while fighting evil alongside a few devoted allies.",Fantasy,Action,4.7,Yes,Ongoing,436,C:\Users\laser\OneDrive - KMITL\Anime poster
The Misfit of Demon King Academy,"Having led a life of warfare, death and destruction, the unbeatable Demon King Anos Voldigoad decides to leave it all behind and reincarnate into a future era, hoping it will bring him some peace and tranquility. He is reborn into a peaceful age, where magic users must attend an academy to develop their abilities.",Fantasy,Action,4.7,Yes,Ongoiing,235,C:\Users\laser\OneDrive - KMITL\Anime poster
Overlord,"An online role-playing game takes on a reality of its own after its servers permanently shut down, trapping the only remaining logged-in player as his fearsome lich character who struggles to maintain the fragile balance between the world's races.",Fantasy,Action,4.9,Yes,Ongoing,448,C:\Users\laser\OneDrive - KMITL\Anime poster
Bleach,"It follows the adventures of a teenager Ichigo Kurosaki, who inherits his parents' destiny after he obtains the powers of a Soul Reaper—a death personification similar to the Grim Reaper—from another Soul Reaper, Rukia Kuchiki.",Fantasy,Action,4.8,Yes,End,686,C:\Users\laser\OneDrive - KMITL\Anime poster
Attack on Titan,"When man-eating Titans first appeared 100 years ago, humans found safety behind massive walls that stopped the giants in their tracks. But the safety they have had for so long is threatened when a colossal Titan smashes through the barriers, causing a flood of the giants into what had been the humans' safe zone. During the carnage that follows, soldier Eren Jaeger sees one of the creatures devour his mother, which leads him to vow that he will kill every Titan. He enlists some friends who survived to help him, and that group is humanity's last hope for avoiding extinction at the hands of the monsters.",Fantasy,Action,4.9,Yes,End,139,C:\Users\laser\OneDrive - KMITL\Anime poster
The Seven Deadly Sins,"What are the seven deadly sins? According to Roman Catholic theology, the seven deadly sins are the seven behaviours or feelings that inspire further sin. They are typically ordered as: pride, greed, lust, envy, gluttony, wrath, and sloth.",Fantasy,Action,3.9,Yes,End,346,C:\Users\laser\OneDrive - KMITL\Anime poster
Tsukimichi Moonlit Fantasy,"Makoto Misumi is suddenly summoned to the other world to become a ""hero;"" the goddess of the other world insults him for being different, strips his title and casts him off to the wilderness at the edge of the world.",Fantasy,Action,4.9,Yes,Ongoing,77,C:\Users\laser\OneDrive - KMITL\Anime poster
Ranking of Kings,"Bojji is a deaf, powerless prince; people say he will never be king; Bojji makes his first friend, Kage, a literal shadow on the ground who somehow understands Bojji well.",Fantasy,Action,4.9,Yes,Ongoing,119,C:\Users\laser\OneDrive - KMITL\Anime poster
Hunter × Hunter,"Hunter × Hunter is an anime television series that Yes from 2011 to 2014 based on Yoshihiro Togashi's manga series Hunter × Hunter. The story begins with a young boy named Gon Freecss, who one day discovers that the father who he thought was dead, is in fact alive and well.",Fantasy,Action,4.8,Yes,Ongoing,390,C:\Users\laser\OneDrive - KMITL\Anime poster
How Not to Summon a Demon Lord,A young shut-in who dominates as a demon lord in an online video game finds himself transported into the game's world and must find a way back to Earth while helping out the two girls who summoned him.,Fantasy,Comedy,4.6,Yes,Ongoing,289,C:\Users\laser\OneDrive - KMITL\Anime poster
JoJo's Bizarre Adventure,"The story of the Joestar family, who are possessed with intense psychic strength, and the adventures each member encounters throughout their lives. Chronicles the struggles of the cursed Joestar bloodline against the forces of evil.",Fantasy,Action,4.7,Yes,Ongoing,952,C:\Users\laser\OneDrive - KMITL\Anime poster
Uncle From Another World,"After being in a coma for 17 years, Takafumi's middle-aged uncle suddenly wakes up speaking an unrecognizable language and wielding magical powers. Watch all you want.",Fantasy,Comedy,3,Yes,End,79,C:\Users\laser\OneDrive - KMITL\Anime poster
Noragami,"Taking place immediately after the first season, Noragami Aragoto delves into the complicated past between Yato and the god of war Bishamon. The female god holds a mysterious grudge against Yato, which often results in violent clashes between them.",Fantasy,Comedy,4.8,Yes,End,90,C:\Users\laser\OneDrive - KMITL\Anime poster
One Punch Man,"Saitama is a strong superhero who defeats villains with just a single punch. Over time, however, he grows bored with the absence of a challenging fight.",Fantasy,Comedy,4.8,Yes,Ongoing,148,C:\Users\laser\OneDrive - KMITL\Anime poster
The Genius Prince's Guide to Raising a Nation Out of Debt,The prince of this small and weak kingdom strives for only one thing: selling out his country and living a quiet life in leisure; the greatest obstacle he will ever face is his own genius.,Fantasy,Drama,4.8,Yes,Ongoing,203,C:\Users\laser\OneDrive - KMITL\Anime poster
Beastars,"In a world of anthropomorphic animals, a reclusive wolf's complicated relationship with a kindly rabbit is tested by a classmate's murder, a charismatic deer's influence, and his own burgeoning predatory instincts.",Fantasy,Romance,4.9,Yes,End,196,C:\Users\laser\OneDrive - KMITL\Anime poster
Sword Art Online,"This anime series features a virtual reality massively multiplayer online role-playing game, which shares its name with the show's title (abbreviated SAO), that is released in 2022. The game allows people to control their in-game characters with their minds when using a Nerve Gear helmet. One day, upon logging into SAO, the players discover they cannot log out and learn from the game's creator that they must defeat the final boss. If a player's avatar dies in the game, though, their body also dies in the real world. One player, Kirito, sets out to beat the game on his own, progressing through the game over two years, during which time he befriends a female player, Asuna, with whom he falls in love. The duo eventually confronts the in-game avatar of SAO's creator, hoping to free themselves and other players from the game. Over time, Kirito realizes that the situation is a conspiracy that runs deeper than just SAO and has penetrated other games.",Fantasy,Action,4.7,Yes,Ongoing,240,C:\Users\laser\OneDrive - KMITL\Anime poster
Log Horizon,"The series follows the strategist, Shiroe, and the other players of the long-lived MMORPG Elder Tale after they find themselves whisked away into the game world following a game update.",Fantasy,Sci-Fi,4.7,Yes,End,148,C:\Users\laser\OneDrive - KMITL\Anime poster
Arifureta: From Commonplace To World's Strongest,"After Hajime Nagumo and his high school class are suddenly summoned to a fantastical world, he tumbles into the depths of a monster-infested dungeon. To thrive in this savage world, Hajime will have no choice but to welcome the abyss.",Fantasy,Drama,4.7,Yes,Ongoing,271,C:\Users\laser\OneDrive - KMITL\Anime poster
The Disastrous Life of Saiki K,A high school student with powerful psychic abilities tries to live an ordinary life by keeping his true nature a secret from his many quirky classmates and anyone else he comes across.,Comedy,Fantasy,4.5,Yes,Ongoing,299,C:\Users\laser\OneDrive - KMITL\Anime poster
Great Pretender,"Makoto Edamura, supposedly Japan's greatest swindler, gets more than he bargained for when he tries to con real world-class crook Laurent Thierry.",Comedy,Drama,4.5,Yes,End,23,C:\Users\laser\OneDrive - KMITL\Anime poster
The Way of the Househusband,"The Way of the Househusband is a Japanese manga series written and illustrated by Kousuke Oono. Published in the online manga magazine Kurage Bunch since 2018, The Way of the Househusband follows an ex-yakuza member who retires from crime to become a househusband.",Comedy,Ramance,4,Yes,Ongoing,74,C:\Users\laser\OneDrive - KMITL\Anime poster
Mob Psycho 100,"A psychic middle school boy tries to live a normal life and keep his growing powers under control, even though he constantly gets into trouble. A psychic middle school boy tries to live a normal life and keep his growing powers under control, even though he constantly gets into trouble.",Comedy,Action,4.5,Yes,End,101,C:\Users\laser\OneDrive - KMITL\Anime poster
SPY×FAMILY,"Agent Twilight, the greatest spy of the nation of Westalis, assembles a fake family in order to infiltrate an elite private school, not realizing he recruited a psychic child and a legendary assassin also in need of a cover family.",Comedy,Action,4.5,Yes,Ongoing,41,C:\Users\laser\OneDrive - KMITL\Anime poster
Gintama,"The series focuses on an eccentric samurai, Gintoki Sakata who works as an odd-jobs freelancer. He helps a teenager named Shinpachi Shimura save his sister Tae from an alien group that wants to send her to a brothel.",Comedy,Sci-Fi,5,Yes,End,704,C:\Users\laser\OneDrive - KMITL\Anime poster
Welcome to Demon School! Iruma-kun,"The story follows Iruma Suzuki, a 14-year-old human boy who is sold to a demon by his lazy, selfish and neglectful parents. The demon, known as Sullivan, takes Iruma to the Demon World and officially adopts him as his grandson.",Comedy,Fantasy,4,Yes,Ongoing,231,C:\Users\laser\OneDrive - KMITL\Anime poster
sakamoto days,"Taro Sakamoto used to be an unrivaled hitman, earning legendary status in the underworld. But one day, the unthinkable happened. Sakamoto fell in love. He started dating, retired, got married, and had a kid, growing overweight as a result.",Comedy,Action,4,Yes,End,47,C:\Users\laser\OneDrive - KMITL\Anime poster
Gudetama: An Eggcellent Adventure,"In GUDETAMA: AN EGGCELLENT ADVENTURE, a morose yet shockingly adorable egg yolk makes friends with a fluffy chick after both hatch from eggs in a sushi restaurant refrigerator. They encounter other forms of talking eggs, as well a some humans, as they set out to find their mother in Japan.",Comedy,Life,3.5,Yes,End,movie,C:\Users\laser\OneDrive - KMITL\Anime poster
The Adventures of Sparky and Whiskers,A mischievous cat and a clumsy dog team up to outsmart their owners and embark on hilarious adventures in their ,Comedy,Life,3,Yes,End,53,C:\Users\laser\OneDrive - KMITL\Anime poster
Zany Zookeepers,Follow the wacky antics of a group of zookeepers who are always getting into absurd situations as they try to care for their eccentric animal residents.,Comedy,Life,4.8,Yes,End,68,C:\Users\laser\OneDrive - KMITL\Anime poster
Konosuba,God's Blessing on This Wonderful World! - A hilarious isekai (alternate world) comedy series that follows a group of dysfunctional adventurers as they embark on ridiculous quests and battle ridiculous monsters.,Comedy,Life,4.5,Yes,End,170,C:\Users\laser\OneDrive - KMITL\Anime poster
Pirate Pals,"Join a crew of bumbling pirates as they search for treasure, encounter absurd obstacles, and engage in slapstick comedy on the high seas.",Comedy,Adventure,4.6,Yes,End,97,C:\Users\laser\OneDrive - KMITL\Anime poster
Dino Daze,"Set in a prehistoric world, this animated comedy follows a clumsy caveman and his misadventures with dinosaurs, resulting in hilarious encounters and misunderstandings.",Comedy,Sci-Fi,3,No,End,76,C:\Users\laser\OneDrive - KMITL\Anime poster
Mecha Mayhem,"In a futuristic world, a group of rookie mech pilots struggle to save the day from giant robot monsters while constantly getting into comedic mishaps and misunderstandings.",Comedy,Action,3.5,Yes,End,116,C:\Users\laser\OneDrive - KMITL\Anime poster
Nichijou ,A slapstick-style comedy that follows the daily lives of three high school girls and their friends. The show's humor is heavily reliant on absurdity and over-the-top reactions.,Comedy,Adventure,4,No,End,152,C:\Users\laser\OneDrive - KMITL\Anime poster
Kitchen Catastrophe,"This slapstick comedy focuses on a group of clumsy chefs working in a chaotic restaurant, dealing with disastrous cooking experiments, absurd customer requests, and kitchen mishaps.",Comedy,Life,3.5,No,End,69,C:\Users\laser\OneDrive - KMITL\Anime poster
K-On!,A cute and charming slice-of-life comedy that follows the daily lives of four high school girls as they start a music club. The show's humor comes from the girls' interactions and the silly situations they find themselves in.,Comedy,Life,4,Yes,End,53,C:\Users\laser\OneDrive - KMITL\Anime poster
Lucky Star,"A lighthearted slice-of-life comedy that focuses on the daily lives of four high school girls as they discuss pop culture, food, and everyday events in a humorous way.",Comedy,Mystery,3.5,Yes,End,202,C:\Users\laser\OneDrive - KMITL\Anime poster
The Misadventures of Max and Molly,Follow the hilarious misadventures of a mismatched pair of best friends - a hyperactive rabbit and a cautious turtle - as they encounter zany characters and unexpected situations in their quest for fun and excitement.,Comedy,Adventure,3.5,Yes,End,80,C:\Users\laser\OneDrive - KMITL\Anime poster
Violet Evergarden,"This emotional drama anime follows the story of Violet, a former child soldier who becomes an ""Auto Memory Doll,"" ghostwriting letters for people as she struggles to understand the meaning of love and emotions.",Drama,Life,4.5,Yes,End,13,C:\Users\laser\OneDrive - KMITL\Anime poster
Anohana,"The Flower We Saw That Day"" - A heart-wrenching tale of a group of friends who reunite years after the death of their childhood friend and try to overcome their grief and regrets, while also unraveling the mysteries surrounding her death.",Drama,Life,4.5,Yes,End,10,C:\Users\laser\OneDrive - KMITL\Anime poster
A Silent Voice,"This touching film depicts the story of a former bully who seeks redemption and tries to reconnect with a deaf girl he bullied in elementary school, exploring themes of remorse, forgiveness, and redemption.",Drama,Romance,4.5,Yes,End,62,C:\Users\laser\OneDrive - KMITL\Anime poster
Your Name,"A visually stunning anime film that tells the tale of two strangers, a boy and a girl, who mysteriously swap bodies and embark on a journey to find each other, exploring themes of fate, love, and longing.",Drama,Fantasy,4.5,Yes,End,Movie,C:\Users\laser\OneDrive - KMITL\Anime poster
Death Parade,"After death, either Heaven or Hell awaits most humans. But for a select few, death brings them to Quindecim—a bar where only pairs of people who die at the same time can enter. Attending the bar is an enigmatic figure known as Decim, who also acts as the arbiter. He passes judgment on those who wind up at Quindecim by challenging them to a life-threatening game. These games determine if the patron's soul will reincarnate into a new life, or be sent into the void, never to be seen again.",Drama,Mystery,4,Yes,End,12,C:\Users\laser\OneDrive - KMITL\Anime poster
Whethering With You,"Tokyo is currently experiencing rain showers that seem to disrupt the usual pace of everyone living there to no end. Amidst this seemingly eternal downpour arrives the runaway high school student Hodaka Morishima, who struggles to financially support himself—ending up with a job at a small-time publisher. At the same time, the orphaned Hina Amano also strives to find work to sustain herself and her younger brother.",Drama,Romance,4,Yes,End,Movie,C:\Users\laser\OneDrive - KMITL\Anime poster
I Want To Eat Your Pancreas,"The aloof protagonist: a bookworm who is deeply detached from the world he resides in. He has no interest in others and is firmly convinced that nobody has any interest in him either. His story begins when he stumbles across a handwritten book, titled Living with Dying. He soon identifies it as a secret diary belonging to his popular, bubbly classmate Sakura Yamauchi. She then confides in him about the pancreatic disease she is suffering from and that her time left is finite. Only her family knows about her terminal illness; not even her best friends are aware. Despite this revelation, he shows zero sympathy for her plight, but caught in the waves of Sakura's persistent buoyancy, he eventually concedes to accompanying her for her remaining days.",Drama,Romance,4.5,Yes,End,2,C:\Users\laser\OneDrive - KMITL\Anime poster
Orange,"Naho Takamiya's first day of her sophomore year of high school is off to an uneasy start. After waking up late, she receives a strange letter addressed to her. However, the letter is from herself—10 years in the future! At first, Naho is skeptical of the note; yet, after witnessing several events described to take place, she realizes the letter really is from her 26-year-old self.The note details that Naho's future life is filled with regrets, and she hopes that her younger self can correct the mistakes that were made in the past. The letter also warns her to keep a close eye on the new transfer student, Kakeru Naruse. Naho must be especially careful in making decisions involving him, as Kakeru is not around in the future. With the letter as her guide, Naho now has the power to protect Kakeru before she comes to regret it once more.",Drama,Romance,4,Yes,End,25,C:\Users\laser\OneDrive - KMITL\Anime poster
Another,"A young man named, Koichi Sakakibara, transfers to a new school where he finds himself drawn into a mystery involving a mysterious girl and a series of gruesome deaths.",Drama,Horror,3.5,Yes,End,4,C:\Users\laser\OneDrive - KMITL\Anime poster
Assassination Classroom,Forget about homework and pop quizzes. The students of Class 3E have a far more important assignment: kill their teacher before the end of the year.,Drama,Action,4,Yes,End,180,C:\Users\laser\OneDrive - KMITL\Anime poster
The Bastard,"To keep the kingdom from falling to the Dark Rebel Army, a young woman named Tia Noto Yoko, daughter of the Great Priest, makes a difficult decision: resurrect the evil wizard who once attempted to rule the world.",Drama,Horror,4.9,Yes,End,94,C:\Users\laser\OneDrive - KMITL\Anime poster
Tokyo Revenger,"Takemichi Hanagaki learns that his girlfriend from way back in middle school, Hinata Tachibana, has died. The only girlfriend he ever had was just killed by a villainous group known as the tokyo revengers Gang. He lives in a crappy apartment with thin walls, and his six-years-younger boss treats him like an idiot. Plus, he’s a complete and total virgin â€¦ At the height of his rock-bottom life, he suddenly time-leaps twelve years back to his middle school days!! To save Hinata, and change the life he spent running away, hopeless part-timer Takemichi must aim for the top of Kanto’s most sinister delinquent gang!!",Drama,Action,4.87,Yes,End,279,C:\Users\laser\OneDrive - KMITL\Anime poster
Detective Conan,"Shinichi Kudo is a 17-year-old high school detective whom people call the ""Modern Sherlock Holmes."" However, one night after a date with his childhood sweetheart Ran, Shinichi witnessed an illegal trade and was knocked unconscious and fed a drug that was supposed to kill him... but he woke up and found himself shrunken to a 7-year-old. In order to track down the men who did this to him, Shinichi reinvented his identity as Conan Edogawa and lived with Ran, whose father happened to be a hopeless detective, and with that came a series of murders and mysteries that he must solve",Drama,Mystery,4.77,Yes,Ongoing,1109,C:\Users\laser\OneDrive - KMITL\Anime poster
Erased,"Satoru Fujinuma is a struggling manga artist who has the ability to turn back time and prevent deaths. When his mother is killed he turns back time to solve the mystery, but ends up back in elementary school, just before the disappearance of his classmate Kayo.",Drama,Mystery,4.1,Yes,End,45,C:\Users\laser\OneDrive - KMITL\Anime poster
Fruits Basket,"After a family tragedy turns her life upside down, plucky high schooler Tohru Honda takes matters into her own hands and moves out into a tent. Unfortunately for her, she pitches her new home on private land belonging to the mysterious Sohma clan, and it isn't long before the owners discover her secret. But, as Tohru quickly finds out when the family offers to take her in, the Sohmas have a secret of their own--when touched by the opposite sex, they turn into the animals of the Chinese Zodiac.",Drama,School life,4.79,Yes,End,136,C:\Users\laser\OneDrive - KMITL\Anime poster
Death note,"Yagami Light is an ace student with great prospects, who's bored out of his mind. One day he finds the ""Death Note"": a notebook from the realm of the Death Gods, with the power to kill people in any way he desires. With the Death Note in hand, Light decides to create his perfect world, without crime or criminals. However, when criminals start dropping dead one by one, the authorites send the legendary detective L to track down the killer, and a battle of wits, deception and logic ensues...",Drama,Mystery,4.79,Yes,End,108,C:\Users\laser\OneDrive - KMITL\Anime poster
Mercenary Enrollment,"Yu Ijin was the sole survivor of a plane crash when he was little. After becoming a mercenary to survive for 10 years, he return to his family in his hometown",Drama,Sci-Fi,4.57,No,Ongoing,133,C:\Users\laser\OneDrive - KMITL\Anime poster
Your lie in April ,"At a very young age, Kousei Arima was strictly taught how to play the piano and meticulously follow the score by his mother, to the point where he dominated every competition he entered with ease. He earned the title of “Human Metronome” for performing almost perfectly. Every musician of his age looked up to him. However, after his mother suddenly dies, he became tone-deaf due to the shock and then disappeared, never to be seen onstage since. Two years later, Kousei lives a monotonous life with his childhood friends Tsubaki Sawabe and Ryouta Watari supporting him. He continues to cling to music, although performing is still an impossibility for him. This is until his unexpected encounter with Kaori Miyazono, a violinist who performs freely without the dictations of a score. A story of friendship, love, music, and a single lie, Kousei’s life begins to change and gain color as Kaori helps him to take up music again.",Drama,Romance,4.25,Yes,End,44,C:\Users\laser\OneDrive - KMITL\Anime poster
Golden time,"Due to a tragic accident, Banri Tada is struck with amnesia, dissolving the memories of his hometown and past. However, after befriending Mitsuo Yanagisawa, he decides to move on and begin a new life at law school in Tokyo. But just as he is beginning to adjust to his college life, the beautiful Kouko Kaga dramatically barges into Banri's life, and their chance meeting marks the beginning of an unforgettable year. After having a glimpse of college life, Banri learns that he is in a new place and a new world—a place where he can be reborn, have new friends, fall in love, make mistakes, and grow. And as he begins to discover who he was, the path he has chosen leads him towards a blindingly bright life that he will never want to forget.",Drama,Romance,4.77,Yes,End,126,C:\Users\laser\OneDrive - KMITL\Anime poster
Rascal Does Not Dream of Bunny Girl Senpai,"The rare and inexplicable Puberty Syndrome is thought of as a myth. It is a rare disease which only affects teenagers, and its symptoms are so supernatural that hardly anyone recognizes it as a legitimate occurrence. However, high school student Sakuta Azusagawa knows from personal experience that it is very much real, and happens to be quite prevalent in his school. Mai Sakurajima is a third-year high school student who gained fame in her youth as a child actress, but recently halted her promising career for reasons unknown to the public. With an air of unapproachability, she is well known throughout the school, but none dare interact with her—that is until Sakuta sees her wandering the library in a bunny girl costume. Despite the getup, no one seems to notice her, and after confronting her, he realizes that she is another victim of Puberty Syndrome. As Sakuta tries to help Mai through her predicament, his actions bring him into contact with more girls afflicted with the elusive disease.",Drama,School life,4.27,Yes,End,20,C:\Users\laser\OneDrive - KMITL\Anime poster
Baby step ,"Maruo Eiichirou (Ei-Chan), a first year honor student, one day decides he’s unhappy with the way things are and lacks exercise. His mother gives him a flyer for the local Tennis Club and he decides to check it out. He’s instantly captivated by it. With no prior experience and poor physical conditioning, join Ei-Chan as he embarks on a tennis journey using his smarts, dedication and work ethic.",Sport,School life,4.65,Yes,End,435,C:\Users\laser\OneDrive - KMITL\Anime poster
Girls of the wild's,"Wild's High School, an all girls educational institute specializing in MMA, has a very special freshman enrolling this year. Jaegu, who fears women from being abandoned by his mother, is about to find out what girls are really all about in this action-packed school drama.",Sport,Action,4.78,No,End,260,C:\Users\laser\OneDrive - KMITL\Anime poster
Blue lock,"The story begins with Japan’s elimination from the 2018 FIFA World Cup, which prompts the Japanese Football Union to start a programme scouting high school players who will begin training in preparation for the 2022 Cup. Isagi Youichi, a forward, receives an invitation to this programme soon after his team loses the chance to go to Nationals because he passed to his less-skilled teammate – who missed – without trying to make the game-changing goal by himself. Their coach will be Ego Jinpachi, who intends to “destroy Japanese loser football” by introducing a radical new training regimen: isolate 300 young forwards in a prison-like institution called “Blue Lock” and put them through rigorous training aimed at creating “the world’s greatest egotist striker.”",Sport,Action,4.64,Yes,Ongoing,216,C:\Users\laser\OneDrive - KMITL\Anime poster
Clean Freak! Aoyama-Kun,"He is charming, cool, athletic, a good cook, but more importantly, he's a clean freak. Aoyama is idolized and respected by everyone, but they can only admire him from afar due to his mysophobia. Despite that, he plays soccer—a rather dirty sport! As the playmaker for Fujimi High School's soccer club, Aoyama avoids physical contact at all cost and cleanly dribbles toward victory. However, the path to Nationals will not be easy for Fujimi's underdog team. But alongside striker Kaoru Zaizen, Aoyama will show everyone that even as a clean freak, there are things he's willing to get dirty for.",Sport,School life,4.5,Yes,End,116,C:\Users\laser\OneDrive - KMITL\Anime poster
Hajime No ippo,"Hajime no Ippo (はじめの一歩, lit. “The First Step”) is a Japanese boxing-themed manga series written and illustrated by George Morikawa. It has been serialized by Kodansha in the shōnen manga magazine Weekly Shōnen Magazine since October 1989 and collected into 135 tankōbon volumes as of July 2022. It follows the story of high school student Makunouchi Ippo, as he begins his career in boxing and over time obtains many titles and defeats various opponent",Sport,Action,4.31,Yes,End,1420,C:\Users\laser\OneDrive - KMITL\Anime poster
The boxer,You're got the raw talent. Or you're the underdog. But do you have the heart? Do you have what it takes? Let's see what you're made of. The real fight starts now.,Sport,action,4.93,No,End,136,C:\Users\laser\OneDrive - KMITL\Anime poster
Prince of Tennis,"The purported advertisement from the Jump Square issue says that everything in The Prince of Tennis up to now has been “prologue“ and that “a new legend for [the main character] Ryoma and the others will begin.“ This continues what happened in the “Prince of Tennis “, after the end of the tournament . In “The New Prince of Tennis,“ Ryoma and the others (team members and teams they faced) begin a new adventure when they are the only 50 middle school students to be invited to the Japanese High School Representatives Selection Camp where only the top potentials in the Japanese tennis world train.What will happen now?",Sport,School life,4,Yes,End,379,C:\Users\laser\OneDrive - KMITL\Anime poster
Haikyuu,"Ever since having witnessed the ""Little Giant"" and his astonishing skills on the volleyball court, Shouyou Hinata has been bewitched by the dynamic nature of the sport. Even though his attempt to make his debut as a volleyball regular during a middle school tournament went up in flames, he longs to prove that his less-than-impressive height ceases to be a hindrance in the face of his sheer will and perseverance. When Hinata enrolls in Karasuno High School, the Little Giant's alma mater, he believes that he is one step closer to his goal of becoming a professional volleyball player. Although the school only retains a shadow of its former glory, Hinata's conviction isn't shaken until he learns that Tobio Kageyama—the prodigy who humiliated Hinata's middle school volleyball team in a crushing defeat—is now his teammate. To fulfill his desire of leaving a mark on the realm of volleyball—so often regarded as the domain of the tall and the strong—Hinata must smooth out his differences with Kageyama. Only when Hinata learns what it takes to be a part of a team will he be able to join the race to the top in earnest.",Sport,School life,4.2,Yes,End,403,C:\Users\laser\OneDrive - KMITL\Anime poster
Kuroko no basket,"When incoming first-year student Taiga Kagami joins the Seirin High basketball team, he meets Tetsuya Kuroko, a mysterious boy who’s plain beyond words. But Kagami’s in for the shock of his life when he learns that the practically invisible Kuroko was once a member of “the Miracle Generation”—the undefeated, legendary team—and he wants Kagami’s help taking down each of his old teammates!",Sport,School life,4.37,Yes,End ,121,C:\Users\laser\OneDrive - KMITL\Anime poster
Inazuma Eleven,"Raimon Middle School 's soccer club captain, Endou Mamoru is in a pinch - his club is about to be destroyed! Literally! To avert the wrecking ball and disbanding of the club, his team must win against the toughest soccer team in the area - Teikoku. Will Endou and his team meet a crushing defeat or will a mysterious transfer student with a fiery kick save them from disaster?!",Sport,School life,3.8,Yes,End,19,C:\Users\laser\OneDrive - KMITL\Anime poster
Sk8 The Infinity,"Reki, a second-year high school student who loves skateboarding, gets caught up in ""S,"" an underground and dangerous skateboard race at an abandoned mine with no rules. Langa, who has returned to Japan from Canada and has never skateboarded before, also gets wrapped up in S along with Reki. Dirty racers, AI racers, and other unique individuals compete in the ""youth skateboard race battle.""",Sport,Action,4.37,Yes,End,12,C:\Users\laser\OneDrive - KMITL\Anime poster
Yuri!! on Ice,"Reeling from his crushing defeat at the Grand Prix Finale, Yuuri Katsuki, once Japan's most promising figure skater, returns to his family home to assess his options for the future. At age 23, Yuuri's window for success in skating is closing rapidly, and his love of pork cutlets and aptitude for gaining weight are not helping either. However, Yuuri finds himself in the spotlight when a video of him performing a routine previously executed by five-time world champion, Victor Nikiforov, suddenly goes viral. In fact, Victor himself abruptly appears at Yuuri's house and offers to be his mentor. As one of his biggest fans, Yuuri eagerly accepts, kicking off his journey to make it back onto the world stage. But the competition is fierce, as the rising star from Russia, Yuri Plisetsky, is relentlessly determined to defeat Yuuri and win back Victor's tutelage.",Sport,School life,4.2,Yes,End,12,C:\Users\laser\OneDrive - KMITL\Anime poster
Slam dunk,"Hanamichi Sakuragi, infamous for his temper, massive height, and fire-red hair, enrolls in Shohoku High, hoping to finally get a girlfriend and break his record of being rejected 50 consecutive times in middle school. His notoriety precedes him, however, leading to him being avoided by most students. Soon, after certain events, Hanamichi is left with two unwavering thoughts: ""I hate basketball,"" and ""I desperately need a girlfriend."" One day, a girl named Haruko Akagi approaches him without any knowledge of his troublemaking ways and asks him if he likes basketball. Hanamichi immediately falls head over heels in love with her, blurting out a fervent affirmative. She then leads him to the gymnasium, where she asks him if he can do a slam dunk. In an attempt to impress Haruko, he makes the leap, but overshoots, instead slamming his head straight into the blackboard. When Haruko informs the basketball team's captain of Hanamichi's near-inhuman physical capabilities, he slowly finds himself drawn into the camaraderie and competition of the sport he had previously held resentment for.",Sport,School life,4.1,Yes,End,300,C:\Users\laser\OneDrive - KMITL\Anime poster
Free! Iwatobi swim club,"Haruka Nanase has a love for water and a passion for swimming. In elementary school, he competed in and won a relay race with his three friends Rin Matsuoka, Nagisa Hazuki, and Makoto Tachibana. After claiming victory at the tournament, the four friends went their separate ways. Years later, they reunite as high school students; however, Rin couldn't care less about returning to the way things used to be. Not only does he attend a different school, but the sole thing important to him is proving that he is a better swimmer than Haruka. After the bitter reunion, Haruka, Nagisa, and Makoto decide to form the Iwatobi High School Swim Club, but they will need a fourth member if they hope to take part in the upcoming tournament. Enter Rei Ryuugazaki, a former member of the track team whom Nagisa recruits. As the time to compete draws near, the four develop a close bond while training intensely to come out on top and settle things between Haruka and Rin once and for all.",Sport,Action,3.6,Yes,End,12,C:\Users\laser\OneDrive - KMITL\Anime poster
Yowamushi Pedal,"Sakamichi Onoda is a cheerful otaku looking to join his new school's anime club, eager to finally make some friends. Unfortunately, the club has been disbanded and he takes it upon himself to revive it by finding students who are willing to join. Without much luck, Onoda decides to make a round trip to Akihabara on his old, bulky city bicycle, a weekly 90-kilometer ride he has been completing since fourth grade. This is when he meets fellow first year student, Shunsuke Imaizumi, a determined cyclist who is using the school's steep incline for practice. Surprised by Onoda's ability to climb the hill with his specific type of bicycle, Imaizumi challenges him to a race, with the proposition of joining the anime club should Onoda win. And thus begins the young boy's first foray into the world of high school bicycle racing!",Sport,School life,4.1,Yes,End,612,C:\Users\laser\OneDrive - KMITL\Anime poster
Ahiru no sora,"He's short, weak, and has just transferred to a new school. Kurumatani Sora is the main character in this story who loves basketball. He has been shooting hoops ever since he was little and has been trying to grow tall just like his mother, who ""used"" to be a basketball player. What has happened to her and what Sora is going to do at the new school is all up to you to find out.",Sport,School life,3.92,Yes,End,245,C:\Users\laser\OneDrive - KMITL\Anime poster
Hoshiai no sora,"Constantly outperformed by the girls' club, the boys' soft tennis club faces disbandment due to their poor skills and lack of positive results in matches. In desperate need of members, Toma Shinjou is looking to recruit capable players, but he fails to scout anyone. Enter Maki Katsuragi, a new transfer student who demonstrates great reflexes when he catches a stray cat in his classroom, instantly capturing Toma's attention. With his interest piqued, Toma ambitiously asks Maki to join the boys' team but is quickly rejected, as Maki doesn't wish to join any clubs. Toma refuses to back down and ends up persuading Maki—only under the condition that Toma will pay him for his participation and cover other club expenses.As Maki joins the team, his incredible form and quick learning allow him to immediately outshine the rest of the team. Although this gives rise to conflict among the boys, Maki challenges and pushes his fellow team members to not only keep up with his seemingly natural talent, but also drive them to devote themselves to the game they once neglected. This story focuses on the potential of the boys' soft tennis club and their discovery of their own capability, while also enduring personal hardships and dealing with the darker side of growing up in middle school.",Sport,School life,3.82,Yes,End,12,C:\Users\laser\OneDrive - KMITL\Anime poster
Iwa Kakeru! Sport Climbing Girl,"Video games, especially puzzle games, were always at the center of Konomi Kasahara's life. However, upon entering Hanamiya High School, she decides to break away from this lifestyle. As Konomi wanders the halls in search of a new activity to engage herself in, she stumbles upon a gigantic wall owned by the school's rock climbing team. Fascinated, she attempts to scale the wall, discovering that she can use her puzzle-solving skills to help her reach the top. Certain that she has found her calling, Konomi immediately joins the club. As she strives to improve her climbing skills, Konomi, alongside the rest of the Hanamiya Climbing Team, will learn what it truly means to be a ""sports climber"" and work to achieve victory in the upcoming competitions.",Sport,Action,3.74,No,End,12,C:\Users\laser\OneDrive - KMITL\Anime poster
Captain Tsubasa,"11-year-old Tsubasa Ohzora transfers to his new school where he quickly becomes the star of the school's soccer team. His Brazilian coach, Roberto Hongo, notices the potential of the young athlete and soon offers him a chance to come with him to Brazil. Young Tsubasa trains more and more and is with each passing game more confident in his abilities. Old enemies become his friends and the World Cup seems closer and closer for him.",Sport,School life,3.9,Yes,End,114,C:\Users\laser\OneDrive - KMITL\Anime poster
Birdiw Wing: Gold Grils' Story ,"Infamous among those who gamble on golf games, Eve uses her exceptional skill in the sport to earn a living—by betting and winning against various opponents. Known as the ""Rainbow Bullet,"" she vows to beat her foes and conquer the world of underground golf using only three clubs. However, the universe where Eve knows no defeat is shaken after she plays a clean game with Aoi Amawashi, a golfing prodigy that came to the country of Nafrece to enter a golf tournament. Armed with talent and born into the perfect environment for golf, Aoi the ""Innocent Tyrant"" calmly crushes her enemies with a bright smile on her face. After their game-changing match, Eve and Aoi become intrigued with each other and promise to battle again someday. As Eve's aggressive and risk-taking approach challenges the elite and steady playstyle of Aoi, the two geniuses may just manage to bring golf to unexpected heights.",Sport,Action,3.81,No,End,17,C:\Users\laser\OneDrive - KMITL\Anime poster
Cyberpunk,"Edgerunners tells a standalone, 10-episode story about a street kid trying to survive in a technology and body modification-obsessed city of the future. Having everything to lose, he chooses to stay alive by becoming an edgerunner—a mercenary outlaw also known as a cyberpunk.",Sci-Fi,Action,3.5,Yes,End,12,C:\Users\laser\OneDrive - KMITL\Anime poster
Psycho-Pass,"In a dystopian future, a system monitors citizens' mental states to prevent crime, but a rookie detective and an enigmatic criminal challenge the system's ethics.",Sci-Fi,Thriller,4.5,Yes,End,39,C:\Users\laser\OneDrive - KMITL\Anime poster
Aldnoah.Zero,"A war between Earth and Mars erupts, fueled by advanced technology and mecha suits, and a young pilot must navigate the politics and battles of an interplanetary conflict.",Sci-Fi,Action,3.5,Yes,End,24,C:\Users\laser\OneDrive - KMITL\Anime poster
Neon Genesis Evangelion,"In a world besieged by monstrous creatures called Angels, young pilots must use giant humanoid mechas to defend humanity, while facing their own psychological struggles.",Sci-Fi,Drama,5,Yes,End,26,C:\Users\laser\OneDrive - KMITL\Anime poster
Guilty Crown,"Set in a post-apocalyptic world, a high school student gains the power to wield weapons from people's hearts, leading to a conflict between a resistance group and a totalitarian government.",Sci-Fi,Action,3.5,Yes,End,22,C:\Users\laser\OneDrive - KMITL\Anime poster
Mobile Suit Gundam,"A long-running mecha series set in a war-torn future, where pilots fight in giant humanoid robots known as mobile suits, exploring themes of war, politics, and the human condition.",Sci-Fi,Action,4,Yes,Ongoing,43,C:\Users\laser\OneDrive - KMITL\Anime poster
Expelled from Paradise,"In a future where humans live in a virtual paradise, a skilled hacker is sent to Earth to investigate a hacker group and discovers a conspiracy that challenges her perception of reality.",Sci-Fi,Mecha,3.5,Yes,Ongoing,11,C:\Users\laser\OneDrive - KMITL\Anime poster
Astro Boy,A classic series about a robot boy with superpowers who fights against evil robots and humans to protect humanity and promote peace between robots and humans.,Sci-Fi,Adventure,3.5,Yes,End,112,C:\Users\laser\OneDrive - KMITL\Anime poster
Appleseed,"In a dystopian future, a female soldier and her cyborg partner fight against terrorists and a corrupt government while uncovering the truth about their world.",Sci-Fi,Mecha,3.5,Yes,End,25,C:\Users\laser\OneDrive - KMITL\Anime poster
Astra Lost in Space,"A group of students stranded in space must work together to survive and unravel the mystery of their predicament, as they travel from planet to planet on their way back to Earth.",Sci-Fi,Adventure,4,Yes,End,49,C:\Users\laser\OneDrive - KMITL\Anime poster
Code Geass,"Set in an alternate timeline, it follows the exiled prince Lelouch vi Britannia, who obtains the ""power of absolute obedience"" from a mysterious woman named C.C. Using this supernatural power, known as Geass, he leads a rebellion against the rule of the Holy Britannian Empire, commanding a series of mecha battles.",Sci-Fi,Action,4.5,Yes,End,50,C:\Users\laser\OneDrive - KMITL\Anime poster
AMAIM Warrior at the Borderline,"Amou Shiiba, a 16-year-old orphan boy who is secretly rebuilding an abandoned AMAIM named Kenbu, stumbles upon Gai, an autonomous AI in need of battery power. By choosing to help one another, Amou and Gai find themselves at the center of a disaster, and Amou is labeled a terrorist and cast out of society.",Sci-Fi,Action,3,Yes,Ongoing,13,C:\Users\laser\OneDrive - KMITL\Anime poster
Parasyte,"A horror sci-fi series where parasitic aliens invade Earth and take over human bodies, and a high school student must coexist with a parasite that inhabits his hand and fight against other parasites to save humanity.",Sci-Fi,Action,4.8,Yes,End,64,C:\Users\laser\OneDrive - KMITL\Anime poster
steins gate,"Steins;Gate is an adaptation of the visual novel of the same name. It is set in 2010 in Akihabara, Tokyo, and follows Rintaro Okabe, a self-proclaimed ""mad scientist"", who runs the ""Future Gadget Laboratory"" in an apartment together with his friends Mayuri Shiina and Itaru ""Daru"" Hashida.",Sci-Fi,Adventure,4.8,Yes,End,24,C:\Users\laser\OneDrive - KMITL\Anime poster
Akira,"Set in a dystopian 2019, it tells the story of Shōtarō Kaneda, a leader of a biker gang whose childhood friend, Tetsuo Shima, acquires incredible telekinetic abilities after a motorcycle accident, eventually threatening an entire military complex amid chaos and rebellion in the sprawling futuristic metropolis of Neo-Tokyo.",Sci-Fi,Action,4.5,Yes,End,120,C:\Users\laser\OneDrive - KMITL\Anime poster
DARLING in the FRANXX,"The story follows a squad of ten pilots, particularly focusing on the partnership between Hiro, a former prodigy, and Zero Two, a hybrid human and elite pilot who aspires to become entirely human. The animation began international distribution simultaneously upon its domestic release.",Sci-Fi,Drama,4.9,Yes,End,48,C:\Users\laser\OneDrive - KMITL\Anime poster
86,"Eighty-six or 86 is American English slang used to indicate that an item is no longer available, traditionally from a food or drinks establishment, or referring to a person or people who are not welcome in the premises.",Sci-Fi,Action,4.42,Yes,Ongoing,11,C:\Users\laser\OneDrive - KMITL\Anime poster
World triggers,"When a gate to another world suddenly opens on Earth, Mikado City is invaded by strange creatures known as ""Neighbors,"" malicious beings impervious to traditional weaponry. In response to their arrival, an organization called the Border Defense Agency has been established to combat the Neighbor menace through special weapons called ""Triggers."" Even though several years have passed after the gate first opened, Neighbors are still a threat and members of Border remain on guard to ensure the safety of the planet. Despite this delicate situation, members-in-training, such as Osamu Mikumo, are not permitted to use their Triggers outside of headquarters. But when the mysterious new student in his class is dragged into a forbidden area by bullies, they are attacked by Neighbors, and Osamu has no choice but to do what he believes is right. Much to his surprise, however, the transfer student Yuuma Kuga makes short work of the aliens, revealing that he is a humanoid Neighbor in disguise.",Sci-Fi,Action,4.75,Yes,Ongoing,232,C:\Users\laser\OneDrive - KMITL\Anime poster
The Promised Neverland,"Surrounded by a forest and a gated entrance, the Grace Field House is inhabited by orphans happily living together as one big family, looked after by their ""Mama,"" Isabella. Although they are required to take tests daily, the children are free to spend their time as they see fit, usually playing outside, as long as they do not venture too far from the orphanage—a rule they are expected to follow no matter what. However, all good times must come to an end, as every few months, a child is adopted and sent to live with their new family, never to be heard from again. However, the three oldest siblings have their suspicions about what is actually happening at the orphanage, and they are about to discover the cruel fate that awaits the children living at Grace Field, including the twisted nature of their beloved Mama.",Sci-Fi,Mystery,4.83,Yes,End,181,C:\Users\laser\OneDrive - KMITL\Anime poster
To LOVE-Ru,"Timid 16-year-old Rito Yuuki has yet to profess his love to Haruna Sairenji—a classmate and object of his infatuation since junior high. Sadly, his situation becomes even more challenging when one night, a mysterious, stark-naked girl crash-lands right on top of a bathing Rito. To add to the confusion, Rito discovers that the girl, Lala Satalin Deviluke, is the crown princess of an alien empire and has run away from her home. Despite her position as the heiress to the most dominant power in the entire galaxy, Lala is surprisingly more than willing to marry the decidedly average Rito in order to avoid an unwanted political marriage. To LOVE-Ru depicts Rito's daily struggles with the bizarre chaos that begins upon the arrival of Lala. With an evergrowing legion of swooning beauties that continuously foil his attempted confessions to Haruna, To LOVE-Ru is a romantic comedy full of slapstick humor, sexy girls, and outlandishly lewd moments that defy the laws of physics.",Sci-Fi,Romance,4.83,Yes,End,162,C:\Users\laser\OneDrive - KMITL\Anime poster
A Certain Magical Index,"Academy City, Japan, is at the forefront of science. Besides being 30 years ahead of the world technologically, more than three-fourths of this peculiar city's population consists of students developing their psychic abilities as espers in various institutions. Among these students is Touma Kamijou, a high school boy with the lowest psychic rank of zero, but with a mysterious power no scientist can understand: ""Imagine Breaker,"" which allows him to negate other supernatural abilities. This, however, doesn't affect Kamijou's life in the least as he plays his role as a regular teenager; that is, until he meets the strange Index Librorum Prohibitorum, a young girl who has memorized the entirety of the forbidden grimoires, and now a dangerous organization is hunting Index down. With several magicians looking to harm the girl, Kamijou will defend his new companion at all costs as he discovers a strange new realm of the supernatural.",Sci-Fi,Action,4.2,Yes,End,180,C:\Users\laser\OneDrive - KMITL\Anime poster